"서울야간관광가이드","4007a60d-14e5-4fa0-8a5d-e4e4cb3f3265","4"
"Seoul","21e7f50b-1506-4867-a8f0-30c2a04c1400","4"
"6","16141151-2dde-4acb-9701-61431c8fee15","4"
"7","fe7c8506-d969-4e3a-9a22-1eec2c0f7ab9","4"
"8","6de6d750-06de-49c5-a572-0d5dd5bf40ee","4"
"9","88885776-b081-4c3e-abb7-414ed488a5e7","4"
"10","f364bd66-6e21-4f30-a187-cfc5c0b2b23d","4"
"1","10b1bead-a794-4846-9edb-13daaf8e3241","4"
"2","19d2962f-f8aa-472a-8d71-746ca74d63ef","4"
"3","a6d282d4-fb56-4979-a8d8-8f3f061e793a","4"
"4","4bc87fe4-d2b1-4821-a82a-516b7c73f812","4"
"5","dec1c195-11e6-46f2-9eff-f8a56b82e7d6","4"
"Center","56d1d22c-1e02-4278-85f6-db3cb88dce82","4"
"조선왕궁에서 밤 산책하기","1be0c5c5-0f73-4a67-8a75-cb8e5967cd6a","4"
"명동교자에서 칼국수와 만두 먹기","913d03c2-a5a7-4c08-ab8a-2aa805559d3b","4"
"Quarter","9993319d-ef55-491b-b4a3-eddb429f6151","4"
"세종문화회관에서 공연보기","fcbf76db-2633-42a9-98ba-dd678fc8a36d","4"
"전통주에 푸짐한 한식 안주로 술 한 잔 하기","4569d822-03a8-45ad-a4d6-5188734e1c61","4"
"동대문에서 심야쇼핑하기","e70d18ca-36b1-4ecb-9edb-dcae0bda5758","4"
"& Around","914a5eec-647d-4f8e-bd6f-fd6fc7e5001c","4"
"동대문시장에서 꼭 먹어봐야 할 야식 메뉴","a17d06ab-6d28-48ed-9fa8-a70ae1f5346d","4"
"Quarter","16ccc513-3c8d-440f-ac69-fcaa2e83f353","4"
"홍대 클럽 가기","731c55ba-7de0-4a71-bb13-ec5dabfadb58","4"
"must see","55a45d15-b91e-4452-a1bb-95ddc7f3d146","4"
"이태원 클럽 가기","b93b2996-31e9-4f41-bb76-21b37aed6ed3","4"
"<런닝맨>촬영지로 유명한 찜질방 가기","96bd2c93-c903-4d66-a469-9e10a3cd44ea","4"
"취향따라 골라서 맛보는 세계의 맛집","368fbdd9-9af1-4d20-9658-4f656aa9749c","4"
"강남 클럽 가기","16e0c609-d52d-4c23-b081-5e279c925bd9","4"
"분위기 좋고, 음악 좋은 강남의 바 즐기기","14a35d2c-a230-4aa6-831c-13c91bcdbfac","4"
"must see","1ada372d-3252-4fba-aa78-4cce10fa0bb5","4"
"서울여행정보","f2dee6b4-812d-48fd-b1a1-8c6205746c62","4"
"SUBWAY MAP","afad9286-4176-4ca4-a6b4-8a899b7ba920","4"
