I can not log in ,login
I do not know my user ID ,login
I forgot my user ID ,login
I don't know the user account ,login
I think I forgot my password ,login
I forgot my password ,login
I can not access the service ,login
How do I know how to log in ? ,login
I want to know how to connect the service ,login
I can not use the service ,login
I want to register ,register
Please tell me how to register ,register
I want to register ,register
Tell me how to sign up ,register
I want to contract ,register
I want to become a member ,register
How do I create an account? ,Register
I want to know how to register an account ,register
How do I use the service ,register
I want to use the service ,register
How to register ,register
How much is the subscription cost? ,cost
How much is it in a month? ,cost
How much is the subscription fee? ,cost
Is the registration fee free? ,cost
Is the activation fee charged? ,cost
How much is the fee? ,cost
Do I have to pay? ,cost
Do I have to pay every month? ,cost
Can I pay one time only ,cost
Please let me know if you have a membership fee ,cost